Incident ID,Title,Date and Time,Reported By,Component Affected,Resolution Steps,Resolved By,Resolution Date and Time,Current Status,Lessons Learned
001,Database-1 is not accessible,2023-03-15 08:45,John Doe/IT Department,Database-1,1. Restart Database-1 to restore access.,Jane Smith/Database Team,2023-03-15 10:30,Resolved,Investigation revealed a network configuration error as the root cause. Future preventive measures include regular network configuration audits and establishing a rapid response protocol for database accessibility issues.
010,Firewall-2 is not reachable,2023-11-10 09:15,Derek Yu/Network Operations,Firewall-2,"1. Immediate escalation to the hardware team for diagnostics. 2. Faulty hardware component identified and replaced by 12:00. 3. Firewall-2 functionality restored, and normal operations for App-3 and App-4 resumed by 12:30.",Anna Bell/Hardware Support Team,2023-11-10 12:30,Resolved,Highlighted the need for regular maintenance checks and the availability of spare parts for critical infrastructure components to ensure quick recovery from hardware failures.
011,Firewall-2 Configuration Changes,2023-12-05 14:45,Michael Chen/IT Security,Firewall-2,"1. The unauthorized changes were detected through routine security monitoring. 2. Firewall-2 configurations were immediately reviewed and corrected by 15:30. 3. Full functionality for App-3 and App-4 was restored, and additional security measures were implemented to prevent unauthorized access.",Sophie Turner/Network Security Team,2023-12-05 15:30,Resolved,Emphasized the importance of stringent access controls and regular audits of firewall configurations to detect and rectify unauthorized changes promptly.
012,Firewall-2 Routing All Traffic to App-3,2024-01-20 11:00,Alexa Ramirez/Network Operations,Firewall-2,"1. The misconfiguration was identified through traffic monitoring tools. 2. Corrective action was taken to adjust the routing rules, restoring access to App-4 by 12:30.",Brian Foster/IT Security,2024-01-20 12:30,Resolved,The incident underscored the need for a thorough review and testing of firewall rules before implementation to prevent misrouting and ensure all applications remain accessible as intended.
013,Firewall-2 Routing All Traffic to App-4,2024-02-15 09:45,Carla Espinosa/Network Management,Firewall-2,"1. The routing issue was quickly detected by the network monitoring system. 2. Network engineers corrected the firewall configuration, restoring normal traffic distribution between App-3 and App-4 by 10:30.",Ted Mosby/Network Engineering,2024-02-15 10:30,Resolved,Reinforced the importance of precise configuration management and the benefits of having automated alerts for unusual traffic patterns to ensure swift detection and correction of such issues.
014,Service-2 is not accessible,2024-03-05 13:20,Jordan Sullivan/IT Support,Service-2,1. IT support conducted immediate diagnostics to identify the cause of the server failure. 2. A backup server was deployed to restore Service-2's functionality by 14:50.,Keith Dudemeister/IT Operations,2024-03-05 14:50,Resolved,Underlined the necessity for robust server health monitoring and the importance of having an efficient backup strategy to ensure continuity of service.
015,Service-2 Changes,2024-04-12 16:30,Perry Cox/Development Team,Service-2,"1. The development team was alerted to the issue and began immediate troubleshooting. 2. Service-2's recent changes were rolled back to the last stable configuration by 17:15. 3. Service functionality was fully restored, and a post-mortem analysis was scheduled to prevent similar issues.",Elliot Reid/Development Team,2024-04-12 17:15,Resolved,Emphasized the critical importance of thorough testing and validation of service updates in a staging environment before deployment to production to ensure compatibility and functionality.
016,Service-4 is not accessible,2024-05-18 10:30,Kim Briggs/IT Support,Service-4,"1. IT Support initiated a detailed analysis to pinpoint the cause of the network configuration issue. 2. The network configuration was corrected, and Service-4 was brought back online by 12:00.",Chris Turk/Network Engineering,2024-05-18 12:00,Resolved,This incident highlighted the need for continuous monitoring and regular audits of network configurations to prevent similar disruptions. It also underscored the importance of having a rapid response plan for critical service outages.
017,Service-4 Changes,2024-06-22 15:45,Laverne Roberts/Software Development,Service-4,1. The issue was quickly identified by the software development team during routine checks. 2. A hotfix was developed and deployed to rectify the bug in Service-4 by 17:30.,Carla Espinosa/Software Development,2024-06-22 17:30,Resolved,Emphasized the importance of comprehensive testing before deploying updates to production environments. The incident also highlighted the need for a rapid response mechanism to address unforeseen issues post-deployment.
018,Service-1 is not accessible,2024-07-04 08:20,Todd Quinlan/IT Department,Service-1,"1. IT support was immediately notified and began troubleshooting the server issues. 2. Server resources were reallocated to manage the load, and Service-1 was brought back online by 09:45.",Elliot Reid/IT Support Team,2024-07-04 09:45,Resolved,The incident highlighted the need for proactive server load monitoring and the implementation of scalable solutions to accommodate unexpected spikes in demand.
019,Service-1 Changes,2024-08-15 14:30,Jordan Sullivan/Development Team,Service-1,"1. The issue was detected during routine quality assurance testing. 2. Developers promptly addressed the coding error, implementing a fix to restore Service-1's functionality by 16:00.",Christopher Turk/Software Engineering,2024-08-15 16:00,Resolved,"Underlined the importance of thorough code review and testing before deployment, especially for updates affecting critical service components."
002,Router-1 is not reachable,2023-02-20 09:32,Alice Johnson/Network Operations,Router-1,"1. Network team alerted and began troubleshooting. 2. Restart Router-1 at 10:15 after initial diagnostics. 3. Connectivity restored, and services for App-1 and App-2 resumed normal operation by 10:45.",Bob Smith/Network Operations,2023-02-20 10:45,Resolved,Further investigation revealed a firmware issue was the root cause. The incident underscores the need for regular firmware updates and more robust monitoring of network components to detect and address such issues proactively.
020,Service-3 is not accessible,2024-09-10 11:45,Kelso Zabielski/IT Operations,Service-3,"1. Network administrators were immediately alerted to the service disruption. 2. A misconfigured network router was identified as the cause and corrected, restoring access to Service-3 by 13:30.",Bob Kelso/Network Administration,2024-09-10 13:30,Resolved,Emphasized the critical need for regular network configuration audits and the implementation of monitoring tools to quickly detect and address service accessibility issues.
021,Service-3 Changes,2024-10-05 09:30,The Janitor/IT Support,Service-3,"1. The issue was identified through automated performance monitoring. 2. Immediate rollback to the previous version of Service-3 was executed, and the system was stabilized by 11:00.",Elliot Reid/Development Team,2024-10-05 11:00,Resolved,Highlighted the necessity for rigorous testing of new features or changes in a controlled environment before deployment to production to ensure they do not adversely affect system performance or functionality.
022,App-1 is not accessible,2024-11-15 08:00,Carla Espinosa/IT Department,App-1,"1. IT support conducted immediate diagnostics to identify the cause of the connectivity issue. 2. The database connection was restored, and App-1 was brought back online by 10:30.",John Dorian/Database Management,2024-11-15 10:30,Resolved,Underlined the importance of continuous monitoring and redundancy for critical infrastructure components to ensure high availability and quick recovery from unexpected failures.
023,App-2 is not accessible,2024-12-20 07:45,Perry Cox/IT Support,App-2,"1. The development team was mobilized to diagnose the failure. 2. A rollback to the pre-update state was executed, and App-2's services were fully restored by 09:30.",Christopher Turk/Development Team,2024-12-20 09:30,Resolved,Emphasized the critical need for exhaustive testing of updates in a staging environment and the establishment of a clear rollback procedure for quickly mitigating issues arising from updates.
024,App-3 is not accessible,2025-01-10 08:15,Doug Murphy/IT Support,App-3,"1. The error was quickly identified by the IT support team. 2. Corrective measures were implemented, restoring full access to App-3 by 09:45.",Lloyd Slawski/IT Operations,2025-01-10 09:45,Resolved,Highlighted the importance of thorough pre-deployment testing for updates and the need for rapid response capabilities to address access issues promptly.
025,App-4 is not accessible,2025-02-20 10:30,Ted Buckland/IT Department,App-4,"1. The hosting provider was contacted immediately to diagnose the cause of the outage. 2. Emergency maintenance was performed, and App-4's services were restored by 12:00.",Janitor/Hosting Provider Support,2025-02-20 12:00,Resolved,Underlined the need for a robust disaster recovery plan and the importance of maintaining effective communication channels with service providers to ensure swift resolution of such incidents.
026,App-1 Configuration Changes,2025-03-15 14:00,Ben Sullivan/Development Team,App-1,"1. The issue was quickly identified by the development team through user reports and system monitoring. 2. The configuration changes were rolled back, restoring App-1 to its previous stable state by 15:30.",Carla Espinosa/Development Team,2025-03-15 15:30,Resolved,Emphasized the critical importance of conducting comprehensive testing on configuration changes in a test environment before applying them to production to prevent unintended service disruptions.
027,App-2 Configuration Changes,2025-04-18 16:20,Molly Clock/IT Support,App-2,"1. The configuration changes were promptly reviewed by the IT support team. 2. Adjustments were made to restore access, with full functionality returning to all users by 17:45.",Elliot Reid/IT Support Team,2025-04-18 17:45,Resolved,Highlighted the importance of validating all configuration changes against user access policies to ensure no unintended restrictions are applied.
028,App-3 Configuration Changes,2025-05-22 14:30,Bob Kelso/Development Team,App-3,"1. The issue was identified through user feedback and system monitoring. 2. The original database connection settings were restored, improving performance back to optimal levels by 16:00.",John Dorian/Development Team,2025-05-22 16:00,Resolved,Emphasized the need for comprehensive testing of configuration changes in a staging environment to assess impact on performance before deployment.
029,App-4 Configuration Changes,2025-06-30 09:00,Turk Turkleton/IT Operations,App-4,"1. Immediate action was taken to identify and reverse the configuration changes. 2. Access was restored for all affected users by 10:30, and a review was initiated to prevent similar incidents.",Carla Espinosa/Security Team,2025-06-30 10:30,Resolved,Stressed the importance of a stringent change management process and the need for immediate rollback procedures for quickly addressing access issues.
003,Router-1 Configuration Changes,2023-04-05 14:20,Cynthia Moore/IT Support,Router-1,1. The issue was identified as a misconfiguration during a routine review. 2. Configuration changes were rolled back to the previous stable state at 15:00. 3. Full connectivity for App-1 and App-2 was restored by 15:30.,David Lee/Network Engineering,2023-04-05 15:30,Resolved,"The incident highlighted the need for stricter change management protocols and pre-approval processes for any configuration changes to critical network components. Additionally, it underscored the importance of immediate rollback capabilities and the need for comprehensive logging of all changes."
004,Router-2 is not reachable,2023-05-10 11:47,Ethan Wright/Network Operations,Router-2,"1. Immediate notification to the hardware team for diagnostics. 2. Temporary routing adjustments made to divert traffic through Router-1 while Router-2 was under investigation. 3. Hardware fault identified and Router-2 was replaced at 14:30. 4. After replacement, Router-2 was brought back online and normal service for App-3 and App-4 was restored by 15:00.",Fiona Kelley/Hardware Support Team,2023-05-10 15:00,Resolved,The incident underlined the importance of having a robust hardware monitoring and failure detection system in place. It also highlighted the need for a quicker hardware replacement process and the effectiveness of having a contingency plan for rerouting traffic during critical hardware failures.
005,Router-2 Configuration Changes,2023-06-15 09:30,Gregory Hines/IT Support,Router-2,"1. The issue was detected through automated monitoring alerts. 2. IT Support initiated an emergency protocol to assess and rectify the configuration errors. 3. Configuration changes were rolled back to the last known good configuration at 10:15. 4. Full service was restored to App-3 and App-4 by 10:45, and a review was scheduled to prevent future occurrences.",Hannah Klein/Network Operations Team,2023-06-15 10:45,Resolved,"This incident emphasized the need for a more rigorous pre-deployment testing phase for any configuration changes, especially those affecting critical network infrastructure. It also highlighted the importance of having a quick rollback strategy for immediately addressing any issues that arise post-deployment."
006,Firewall-1 is not reachable,2023-07-22 14:05,Isabel Martinez/Security Team,Firewall-1,"1. The issue was immediately escalated to the hardware maintenance team. 2. A faulty power supply unit was identified and replaced by 15:30. 3. Firewall-1 was successfully rebooted, and full functionality was restored by 16:00.",Jason Clark/Hardware Maintenance,2023-07-22 16:00,Resolved,The incident underscored the importance of regular hardware inspections and the need for having redundant power supplies for critical security infrastructure to prevent similar outages in the future.
007,Firewall-1 Configuration Changes,2023-08-03 10:20,Natalie Chen/Cybersecurity,Firewall-1,"1. The configuration error was detected through automated monitoring systems. 2. Cybersecurity team initiated an emergency protocol to assess and correct the configuration. 3. Configuration changes were rolled back to the previous stable version at 11:45. 4. Full service was restored to App-1 and App-2 by 12:15, and a review was scheduled to prevent future occurrences.",Oliver Grant/Network Operations Team,2023-08-03 12:15,Resolved,"This incident highlighted the critical need for a more rigorous configuration change process, including pre-approval by cybersecurity and network operations, and the importance of immediate rollback capabilities for quickly addressing any issues post-deployment."
008,Firewall-1 Routing All Traffic to App-1,2023-09-14 08:30,Marco Silva/IT Operations,Firewall-1,"1. The routing misconfiguration was identified by the network team. 2. Immediate action was taken to correct the routing rules, restoring balanced traffic flow to both App-1 and App-2 by 09:15.",Sophia Loren/Network Team,2023-09-14 09:15,Resolved,Emphasized the importance of validating configuration changes through a staging environment and conducting immediate post-deployment checks to ensure all services are operating as expected.
009,Firewall-1 Routing All Traffic to App-2,2023-10-05 11:00,Liam Wong/IT Security,Firewall-1,1. The configuration anomaly was quickly spotted by the IT security team. 2. Corrective measures were implemented to redistribute traffic appropriately between App-1 and App-2 by 12:30.,Emma Patel/IT Security Team,2023-10-05 12:30,Resolved,"The incident reinforced the need for a detailed review and testing of firewall configurations in a controlled environment before deployment to the live network, ensuring all routing behaves as expected."
